Año,Mercado_Global_USD_Billones,Mercado_Bovino_USD_Billones,CAGR_Global,CAGR_Bovino,Fuente
2024,7.38,3.70,6.95,6.60,"Grand View Research, Mordor Intelligence"
2025,7.90,3.95,6.95,6.60,"Proyección basada en CAGR"
2026,8.46,4.21,6.95,6.60,"Proyección basada en CAGR"
2027,9.04,4.49,6.95,6.60,"Proyección basada en CAGR"
2028,9.67,4.79,6.95,6.60,"Proyección basada en CAGR"
2029,10.34,5.11,6.95,6.60,"Proyección basada en CAGR"
2030,11.05,5.45,6.95,6.60,"Proyección basada en CAGR"
2031,11.82,5.81,6.95,6.60,"Proyección basada en CAGR"
2032,12.65,6.20,6.95,6.60,"Proyección basada en CAGR"
2033,13.35,6.61,6.95,6.60,"Grand View Research"
