Métrica,Perros_Mascotas,Ganado_Holstein,Unidad,Fuente_Perros,Fuente_Ganado
Mercado Global 2024,2.8,3.70,USD Billones,Grand View Research 2024,Mordor Intelligence 2025
CAGR,8.5,6.60,Porcentaje,Grand View Research 2024,Mordor Intelligence 2025
Proyección 2030,4.2,5.20,USD Billones,Proyección CAGR,Proyección CAGR
Población Latinoamérica,43800000,70300000,Unidades/Litros,ENBIARE 2021 / Hogares,IFCN 2024
Penetración de Hogares,69.8,Variable,Porcentaje,ENBIARE 2021,INIFAP 2024
Precio Promedio Prueba,60,60,USD,Análisis de mercado,Análisis de mercado
Adopción Actual,15,8,Porcentaje,Estimación conservadora,Estimación conservadora
Barreras de Entrada,Moderadas,Altas,Nivel,Análisis SWOT,Análisis SWOT
Poder de Compradores,Alto,Medio-Alto,Nivel,Análisis Porter,Análisis Porter
Rivalidad Competitiva,Media,Alta,Nivel,Análisis Porter,Análisis Porter
Ciclo de Decisión,Corto,Largo,Tipo,Comportamiento consumidor,Comportamiento productor
Sensibilidad al Precio,Alta,Media,Nivel,Análisis de mercado,Análisis de mercado
Potencial de Escalabilidad,Alto,Muy Alto,Nivel,Análisis de mercado,Análisis de mercado
